content,language,used,date_used
Priemerný človek prejde za život vzdialenosť rovnajúcu sa trom obehom Zeme.,slovak,FALSE,
"Srdce modrej veľryby je také veľké, že by v jeho tepnách mohol plávať človek.",slovak,FALSE,
Včely dokážu rozoznávať ľudské tváre.,slovak,FALSE,
Krik káčera nemá ozvenu a nikto nevie prečo.,slovak,FALSE,
"Väčšina smiechu v televíznych sitkomoch bola nahraná v 50. rokoch. Mnohí z ľudí, ktorých počujete sa smiať, sú už mŕtvi.",slovak,FALSE,
"Banány sú z botanického hľadiska bobule, zatiaľ čo jahody nie.",slovak,FALSE,
"Vo Švajčiarsku je nelegálne vlastniť iba jedno morča, pretože sa považujú za spoločenské zvieratá a trpia osamelosťou.",slovak,FALSE,
Existuje viac možných usporiadaní šachovej partie ako atómov v pozorovateľnom vesmíre.,slovak,FALSE,
V ľudskom tele je dostatok železa na výrobu jedného malého klinca.,slovak,FALSE,
