greeting_foreign,language_origin,translation,used,date_used
Carpe diem!,Latein,Nutze den Tag!,FALSE,
Ad astra.,Latein,Zu den Sternen.,FALSE,
Luceat lux vestra.,Latein,Euer Licht soll leuchten.,FALSE,
"Dum spiro, spero.",Latein,"Solange ich atme, hoffe ich.",FALSE,
Age quod agis.,Latein,"Tu, was du tust.",FALSE,
Incipe.,Latein,Fang an.,FALSE,
Fac vitam incredibilem.,Latein,Mach das Leben unglaublich.,FALSE,
Sedit qui timuit ne non succederet.,Latein,"Wer das Scheitern fürchtet, bleibt stehen.",FALSE,
Perfer et obdura.,Latein,Halte durch und sei hart.,FALSE,
