verse_reference,verse_text,language,used,date_used
"1. Jánov 1,5","A toto je zvesť, ktorú sme od neho počuli a vám zvestujeme: Boh je svetlo a niet v ňom nijakej tmy.",slovak,FALSE,
"1. Jánov 1,7","Ale ak chodíme vo svetle, ako je on vo svetle, máme spoločenstvo medzi sebou a krv Ježiša, jeho Syna, nás očisťuje od každého hriechu.",slovak,FALSE,
"1. Jánov 1,9","Ak vyznávame svoje hriechy, on je verný a spravodlivý: odpustí nám hriechy a očistí nás od každej neprávosti.",slovak,FALSE,
"1. Jánov 2,1","Deti moje, toto vám píšem, aby ste nehrešili. Ale ak niekto zhreší, máme u Otca obhajcu, Ježiša Krista, spravodlivého.",slovak,FALSE,
"1. Jánov 2,15","Nemilujte svet, ani to, čo je vo svete. Ak niekto miluje svet, nie je v ňom Otcova láska.",slovak,FALSE,
"1. Jánov 2,17","Svet sa pominie, aj jeho žiadostivosť. Kto však plní Božiu vôľu, ostáva naveky.",slovak,FALSE,
"1. Jánov 2,6","Kto hovorí, že ostáva v ňom, má aj sám žiť tak, ako žil on.",slovak,FALSE,
"1. Jánov 3,1","Pozrite, akú veľkú lásku nám daroval Otec: voláme sa Božími deťmi a nimi aj sme.",slovak,FALSE,
"1. Jánov 3,16","Lásku sme poznali podľa toho, že on položil svoj život za nás; aj my sme povinní dávať život za bratov.",slovak,FALSE,
