author,quote,paradox,language,used,date_used
Albert Camus,What is absurd is the confrontation between the irrational and the wild longing for clarity whose call echoes in the human heart.,Finding meaning in a silent universe,english,FALSE,
Albert Camus,The only way to deal with an unfree world is to become so absolutely free that your very existence is an act of rebellion.,Freedom as a form of resistance,english,FALSE,
Albert Camus,"In the depth of winter, I finally learned that within me there lay an invincible summer.",Strength in times of despair,english,FALSE,
Albert Camus,Life is the sum of all your choices.,Fate vs. Free Will,english,FALSE,
Albert Einstein,"Everybody is a genius. But if you judge a fish by its ability to climb a tree, it will live its whole life believing that it is stupid.",Subjectivity of intelligence,english,FALSE,
Albert Einstein,Imagination is more important than knowledge.,Logic vs. Creativity,english,FALSE,
Albert Einstein,"Try not to become a man of success, but rather try to become a man of value.",Success vs. Character,english,FALSE,
Albert Einstein,"Life is like riding a bicycle. To keep your balance, you must keep moving.",Stability through motion,english,FALSE,
Ambrose Redmoon,"Courage is not the absence of fear, but rather the judgment that something else is more important than fear.",Fear as motivation,english,FALSE,
