term_de,term_en,term_sk,term_plural,sentence1_de,sentence1_en,sentence2_de,sentence2_en,sentence3_de,sentence3_en,sentence4_de,sentence4_en,sentence5_de,sentence5_en,sentence6_de,sentence6_en,sentence7_de,sentence7_en,sentence8_de,sentence8_en,used,date_used
ab,from,od,,Ich komme ab Montag.,I come from Monday.,Der Zug fährt ab Berlin.,The train departs from Berlin.,Das Angebot gilt ab sofort.,The offer is valid from now.,Wir beginnen ab heute.,We start from today.,Der Kurs beginnt ab nächster Woche.,The course starts from next week.,Er arbeitet ab Juni.,He works from June.,Die Aktion läuft ab morgen.,The campaign runs from tomorrow.,Die Lieferung startet ab dem Lager.,The delivery starts from the warehouse.,FALSE,
ab...an,from...on,od...do,,Ab Montag an beginnt der Kurs.,From Monday on the course begins.,Ab jetzt an müssen wir vorsichtig sein.,From now on we must be careful.,Er arbeitete ab der ersten Stunde an.,He worked from the first hour on.,Ab diesem Tag an regelt die Regel alles.,From this day on the rule regulates everything.,Wir treffen uns ab morgen an.,We meet from tomorrow on.,Ab diesem Zeitpunkt an wird alles anders.,From this point on everything changes.,Ab heute an beginnt die Schule.,From today on school begins.,Ab sofort an gilt,,FALSE,
abseits,off,bokom(alebo) mimo,,Abseits der Straße ist ein Feld.,Off the street is a field.,Wir wohnen abseits der Stadt.,We live off the city.,Abseits des Lärms ist es ruhig.,Off the noise it is quiet.,Die Häuser liegen abseits des Flusses.,The houses lie off the river.,Er ging abseits des Weges.,He went off the path.,Abseits des Dorfes gibt es einen Wald.,Off the village there is a forest.,Die Schule liegt abseits der Hauptstraße.,The school is off the main street.,Abseits des Geschehens war es friedlich.,Off the action it was peaceful.,FALSE,
an,on,na(alebo) pri,,Das Bild hängt an der Wand.,The picture hangs on the wall.,Wir treffen uns an der Ecke.,We meet at the corner.,Er sitzt an dem Tisch.,He sits at the table.,Der Schlüssel liegt an der Tür.,The key is on the door.,Sie arbeitet an dem Projekt.,She works on the project.,An diesem Tag regnete es.,On this day it rained.,An der Haltestelle wartet er.,He waits at the stop.,Wir gehen an das Fenster.,We go to the window.,FALSE,
angesichts,in view of,vzhladom na,,Angesichts der Situation müssen wir handeln.,In view of the situation we must act.,Angesichts des Problems sprach er ehrlich.,In view of the problem he spoke honestly.,Wir entschieden angesichts der Fakten.,We decided in view of the facts.,Angesichts der Beweise war es klar.,In view of the evidence it was clear.,Sie handelte angesichts der Risiken.,She acted in view of the risks.,Angesichts des Wetters blieben wir zu Hause.,In view of the weather we stayed home.,Er reagierte angesichts der Umstände.,He reacted in view of the circumstances.,Angesichts der Lage war Geduld nötig.,In view of the situation patience was necessary.,FALSE,
,,,,,,,,,,,,,,,,,,,,,
,,,,,,,,,,,,,,,,,,,,,
,,,,,,,,,,,,,,,,,,,,,
,,,,,,,,,,,,,,,,,,,,,
,,,,,,,,,,,,,,,,,,,,,
,,,,,,,,,,,,,,,,,,,,,
,,,,,,,,,,,,,,,,,,,,,
,,,,,,,,,,,,,,,,,,,,,
,,,,,,,,,,,,,,,,,,,,,
,,,,,,,,,,,,,,,,,,,,,
,,,,,,,,,,,,,,,,,,,,,
,,,,,,,,,,,,,,,,,,,,,
,,,,,,,,,,,,,,,,,,,,,
,,,,,,,,,,,,,,,,,,,,,
,,,,,,,,,,,,,,,,,,,,,
,,,,,,,,,,,,,,,,,,,,,
,,,,,,,,,,,,,,,,,,,,,
,,,,,,,,,,,,,,,,,,,,,
,,,,,,,,,,,,,,,,,,,,,
,,,,,,,,,,,,,,,,,,,,,
,,,,,,,,,,,,,,,,,,,,,
,,,,,,,,,,,,,,,,,,,,,
,,,,,,,,,,,,,,,,,,,,,
,,,,,,,,,,,,,,,,,,,,,
,,,,,,,,,,,,,,,,,,,,,
,,,,,,,,,,,,,,,,,,,,,
,,,,,,,,,,,,,,,,,,,,,
,,,,,,,,,,,,,,,,,,,,,
,,,,,,,,,,,,,,,,,,,,,
,,,,,,,,,,,,,,,,,,,,,
,,,,,,,,,,,,,,,,,,,,,
,,,,,,,,,,,,,,,,,,,,,
,,,,,,,,,,,,,,,,,,,,,
,,,,,,,,,,,,,,,,,,,,,
,,,,,,,,,,,,,,,,,,,,,
,,,,,,,,,,,,,,,,,,,,,
,,,,,,,,,,,,,,,,,,,,,
,,,,,,,,,,,,,,,,,,,,,
,,,,,,,,,,,,,,,,,,,,,
,,,,,,,,,,,,,,,,,,,,,
,,,,,,,,,,,,,,,,,,,,,
,,,,,,,,,,,,,,,,,,,,,
,,,,,,,,,,,,,,,,,,,,,
,,,,,,,,,,,,,,,,,,,,,
,,,,,,,,,,,,,,,,,,,,,
,,,,,,,,,,,,,,,,,,,,,
,,,,,,,,,,,,,,,,,,,,,
,,,,,,,,,,,,,,,,,,,,,
,,,,,,,,,,,,,,,,,,,,,
,,,,,,,,,,,,,,,,,,,,,
,,,,,,,,,,,,,,,,,,,,,
,,,,,,,,,,,,,,,,,,,,,
,,,,,,,,,,,,,,,,,,,,,
,,,,,,,,,,,,,,,,,,,,,
,,,,,,,,,,,,,,,,,,,,,
,,,,,,,,,,,,,,,,,,,,,
,,,,,,,,,,,,,,,,,,,,,
,,,,,,,,,,,,,,,,,,,,,
,,,,,,,,,,,,,,,,,,,,,
,,,,,,,,,,,,,,,,,,,,,
,,,,,,,,,,,,,,,,,,,,,
,,,,,,,,,,,,,,,,,,,,,
,,,,,,,,,,,,,,,,,,,,,
,,,,,,,,,,,,,,,,,,,,,
,,,,,,,,,,,,,,,,,,,,,
,,,,,,,,,,,,,,,,,,,,,
,,,,,,,,,,,,,,,,,,,,,
,,,,,,,,,,,,,,,,,,,,,
,,,,,,,,,,,,,,,,,,,,,
,,,,,,,,,,,,,,,,,,,,,
,,,,,,,,,,,,,,,,,,,,,
,,,,,,,,,,,,,,,,,,,,,
,,,,,,,,,,,,,,,,,,,,,
,,,,,,,,,,,,,,,,,,,,,
,,,,,,,,,,,,,,,,,,,,,
,,,,,,,,,,,,,,,,,,,,,
,,,,,,,,,,,,,,,,,,,,,
,,,,,,,,,,,,,,,,,,,,,
,,,,,,,,,,,,,,,,,,,,,
,,,,,,,,,,,,,,,,,,,,,
,,,,,,,,,,,,,,,,,,,,,
,,,,,,,,,,,,,,,,,,,,,
,,,,,,,,,,,,,,,,,,,,,
,,,,,,,,,,,,,,,,,,,,,
,,,,,,,,,,,,,,,,,,,,,
,,,,,,,,,,,,,,,,,,,,,
,,,,,,,,,,,,,,,,,,,,,
,,,,,,,,,,,,,,,,,,,,,
,,,,,,,,,,,,,,,,,,,,,
,,,,,,,,,,,,,,,,,,,,,
,,,,,,,,,,,,,,,,,,,,,
,,,,,,,,,,,,,,,,,,,,,
,,,,,,,,,,,,,,,,,,,,,
,,,,,,,,,,,,,,,,,,,,,
,,,,,,,,,,,,,,,,,,,,,
,,,,,,,,,,,,,,,,,,,,,
,,,,,,,,,,,,,,,,,,,,,
,,,,,,,,,,,,,,,,,,,,,
,,,,,,,,,,,,,,,,,,,,,
,,,,,,,,,,,,,,,,,,,,,
,,,,,,,,,,,,,,,,,,,,,
,,,,,,,,,,,,,,,,,,,,,
,,,,,,,,,,,,,,,,,,,,,
,,,,,,,,,,,,,,,,,,,,,
