nbr,name,link,used,date_used
SG 008,Ab in den Biergarten,https://slowgerman.com/2007/06/19/slow-german-008-ab-in-den-biergarten/,TRUE,2026-01-10 12:12:58
SG 009,Bus und Bahn,https://slowgerman.com/2007/07/02/slow-german-009-bus-und-bahn/,TRUE,2025-11-04 12:44:28
SG 010,Die Litfaßsäule,https://slowgerman.com/2007/07/11/slow-german-010-die-litfassaule/,TRUE,2025-11-07 00:54:06
SG 011,Denglisch,https://slowgerman.com/2007/07/26/slow-german-011-denglisch/,TRUE,2025-11-07 00:47:02
SG 012,Recycling,https://slowgerman.com/2007/08/14/slow-german-012-recycling/,TRUE,2025-11-04 11:51:13
SG 013,Stumme Verkäufer,https://slowgerman.com/2007/09/13/slow-german-013-stumme-verkaufer/,FALSE,
SG 014,Das Oktoberfest,https://slowgerman.com/2007/09/21/slow-german-014-das-oktoberfest/,TRUE,2025-11-14 14:26:12
SG 015,Allerheiligen,https://slowgerman.com/2007/10/31/slow-german-015-allerheiligen/,TRUE,2025-11-04 09:33:15
SG 016,Getränke,https://slowgerman.com/2007/11/09/slow-german-016-getranke/,TRUE,2025-11-05 16:50:20
